scenario,total_nominal_cost,npv_cost,avg_annual_cost,max_annual_cost,max_cost_year
NDC,35936438.11099912,16868123.167069666,8984109.52774978,35483726.11099912,2050
